<metadata xml:lang="en"><Esri><CreaDate>20140331</CreaDate><CreaTime>08243500</CreaTime><SyncOnce>FALSE</SyncOnce><DataProperties><itemProps><itemLocation><linkage Sync="FALSE">withheld</linkage><protocol Sync="TRUE">Local Area Network</protocol></itemLocation><itemName Sync="TRUE">rail_nodes</itemName><imsContentType Sync="TRUE" export="False">002</imsContentType><itemSize Sync="TRUE">3.626</itemSize><nativeExtBox><westBL Sync="TRUE">-158.152193</westBL><eastBL Sync="TRUE">-66.983911</eastBL><southBL Sync="TRUE">20.880179</southBL><northBL Sync="TRUE">64.924082</northBL><exTypeCode Sync="TRUE">1</exTypeCode></nativeExtBox></itemProps><coordRef><type Sync="TRUE">Geographic</type><geogcsn Sync="TRUE">GCS_WGS_1984</geogcsn><csUnits Sync="TRUE">Angular Unit: Degree (0.017453)</csUnits><peXml Sync="TRUE">&lt;GeographicCoordinateSystem xsi:type='typens:GeographicCoordinateSystem' xmlns:xsi='http://www.w3.org/2001/XMLSchema-instance' xmlns:xs='http://www.w3.org/2001/XMLSchema' xmlns:typens='http://www.esri.com/schemas/ArcGIS/10.1'&gt;&lt;WKT&gt;GEOGCS[&amp;quot;GCS_WGS_1984&amp;quot;,DATUM[&amp;quot;D_WGS_1984&amp;quot;,SPHEROID[&amp;quot;WGS_1984&amp;quot;,6378137.0,298.257223563]],PRIMEM[&amp;quot;Greenwich&amp;quot;,0.0],UNIT[&amp;quot;Degree&amp;quot;,0.0174532925199433],METADATA[&amp;quot;World&amp;quot;,-180.0,-90.0,180.0,90.0,0.0,0.0174532925199433,0.0,1262],AUTHORITY[&amp;quot;EPSG&amp;quot;,4326]]&lt;/WKT&gt;&lt;XOrigin&gt;-400&lt;/XOrigin&gt;&lt;YOrigin&gt;-400&lt;/YOrigin&gt;&lt;XYScale&gt;11258999068426.238&lt;/XYScale&gt;&lt;ZOrigin&gt;-100000&lt;/ZOrigin&gt;&lt;ZScale&gt;10000&lt;/ZScale&gt;&lt;MOrigin&gt;-100000&lt;/MOrigin&gt;&lt;MScale&gt;10000&lt;/MScale&gt;&lt;XYTolerance&gt;8.983152841195215e-009&lt;/XYTolerance&gt;&lt;ZTolerance&gt;0.001&lt;/ZTolerance&gt;&lt;MTolerance&gt;0.001&lt;/MTolerance&gt;&lt;HighPrecision&gt;true&lt;/HighPrecision&gt;&lt;LeftLongitude&gt;-180&lt;/LeftLongitude&gt;&lt;WKID&gt;4326&lt;/WKID&gt;&lt;LatestWKID&gt;4326&lt;/LatestWKID&gt;&lt;/GeographicCoordinateSystem&gt;</peXml></coordRef></DataProperties><SyncDate>20140411</SyncDate><SyncTime>09311200</SyncTime><ModDate>20140416</ModDate><ModTime>14084000</ModTime><ArcGISstyle>ISO 19139 Metadata Implementation Specification</ArcGISstyle><scaleRange><minScale>150000000</minScale><maxScale>5000</maxScale></scaleRange><ArcGISFormat>1.0</ArcGISFormat><ArcGISProfile>ISO19139</ArcGISProfile></Esri><idinfo><citation><citeinfo><onlink Sync="FALSE">withheld</onlink><origin>REQUIRED: The name of an organization or individual that developed the data set.</origin><pubdate>REQUIRED: The date when the data set is published or otherwise made available for release.</pubdate><title Sync="TRUE">railnodes v. 8</title><ftname Sync="TRUE">FRA_rail100k_nodes040109_W_VRT_Additions</ftname><geoform Sync="TRUE">vector digital data</geoform></citeinfo></citation><native Sync="TRUE">Microsoft Windows XP Version 5.1 (Build 2600) Service Pack 3; ESRI ArcCatalog 9.3.1.1850</native><descript><langdata Sync="TRUE">en</langdata><abstract>The Rail Network is a comprehensive database of the nation's railway system at 1:24,000 to 1:100,000 scale. The data set covers all 50 States plus the District of Columbia</abstract><purpose>The rail nodes dataset supports the topological network that provides location and attributes information for use in network analysis applications.</purpose></descript><timeperd><current>REQUIRED: The basis on which the time period of content information is determined.</current><timeinfo><sngdate><caldate>REQUIRED: The year (and optionally month, or month and day) for which the data set corresponds to the ground.</caldate></sngdate></timeinfo></timeperd><status><progress>REQUIRED: The state of the data set.</progress><update>REQUIRED: The frequency with which changes and additions are made to the data set after the initial data set is completed.</update></status><spdom><bounding><westbc Sync="TRUE">-158.152193</westbc><eastbc Sync="TRUE">-52.705235</eastbc><northbc Sync="TRUE">64.924082</northbc><southbc Sync="TRUE">14.674363</southbc></bounding><lboundng><leftbc Sync="TRUE">-158.152193</leftbc><rightbc Sync="TRUE">-52.705235</rightbc><bottombc Sync="TRUE">14.674363</bottombc><topbc Sync="TRUE">64.924082</topbc></lboundng></spdom><keywords><theme><themekey>Railways</themekey><themekey>Network</themekey></theme></keywords><accconst>REQUIRED: Restrictions and legal prerequisites for accessing the data set.</accconst><useconst>REQUIRED: Restrictions and legal prerequisites for using the data set after access is granted.</useconst><natvform Sync="TRUE">Shapefile</natvform></idinfo><distInfo xmlns=""><distributor xmlns=""><distorTran xmlns=""><onLineSrc xmlns=""><linkage Sync="TRUE">http://www.rita.dot.gov/bts/sites/rita.dot.gov.bts/files/publications/national_transportation_atlas_database/index.html</linkage><protocol Sync="TRUE">Local Area Network</protocol><orDesc Sync="TRUE">002</orDesc></onLineSrc><transSize Sync="TRUE">0.000</transSize></distorTran><distorFormat xmlns=""><formatName Sync="TRUE">Shapefile</formatName><formatVer>2014</formatVer></distorFormat></distributor><distFormat xmlns=""><formatName Sync="TRUE">Shapefile</formatName><formatVer>2014</formatVer></distFormat><distTranOps xmlns=""><transSize Sync="TRUE">3.626</transSize></distTranOps></distInfo><dataqual><lineage><procstep><procdesc Sync="TRUE">Dataset copied.</procdesc><srcused Sync="TRUE">C:\requests\otherRequests\dorfman\MASTER_LAYER\FRA_rail100k_lines</srcused><date Sync="TRUE">20070116</date><time Sync="TRUE">13423400</time></procstep><procstep><procdesc Sync="TRUE">Dataset copied.</procdesc><srcused Sync="TRUE">C:\requests\otherRequests\bts\ntad2007\rail07nd</srcused><date Sync="TRUE">20070127</date><time Sync="TRUE">12003200</time></procstep><procstep><procdesc Sync="TRUE">Dataset copied.</procdesc><srcused Sync="TRUE">C:\requests\otherRequests\bts\ntad2007\DataBackUp\rail07nd</srcused><date Sync="TRUE">20070628</date><time Sync="TRUE">12484000</time></procstep><procstep><procdesc Sync="TRUE">Dataset copied.</procdesc><srcused Sync="TRUE"/><date Sync="TRUE">20071204</date><time Sync="TRUE">10521300</time></procstep><procstep><procdesc Sync="TRUE">Dataset copied.</procdesc><srcused Sync="TRUE">C:\data\FRA_Rail\rail100K\2007\FRA_rail100k_nodes</srcused><date Sync="TRUE">20080429</date><time Sync="TRUE">08285100</time></procstep><procstep><procdesc Sync="TRUE">Dataset copied.</procdesc><srcused Sync="TRUE">C:\data\FRA_Rail\rail100K\2008\FRA_rail100k_nodes</srcused><date Sync="TRUE">20081027</date><time Sync="TRUE">09200500</time></procstep><procstep><procdesc Sync="TRUE">Dataset copied.</procdesc><srcused Sync="TRUE">C:\data\FRA_Rail\rail100K\2008\data_Backup\FRA_rail100k_nodes</srcused><procdate Sync="TRUE">20081117</procdate><proctime Sync="TRUE">08301800</proctime></procstep><procstep><procdesc Sync="TRUE">Dataset copied.</procdesc><srcused Sync="TRUE">C:\data\FRA_Rail\rail100K\2008\FRA_rail100k_nodes</srcused><procdate Sync="TRUE">20090225</procdate><proctime Sync="TRUE">15185800</proctime></procstep><procstep><procdesc Sync="TRUE">Dataset copied.</procdesc><srcused Sync="TRUE">C:\Documents and Settings\DBryant\My Documents\PROJECTS\RCRMSPhase2\DATA\FRA_Network\April9_09\FRA_rail100k_nodes040109_W_VRT_Additions</srcused><procdate Sync="TRUE">20090409</procdate><proctime Sync="TRUE">14120400</proctime></procstep><procstep><procdesc Sync="TRUE">Dataset copied.</procdesc><srcused Sync="TRUE">C:\Documents and Settings\raquel.wright.ADDOT\My Documents\MyProjects\Rail_Network\RCRMS\VRISK\Compare_Networks\Network_April2009\FRA_rail100k_nodes040109_W_VRT_Additions</srcused><procdate Sync="TRUE">20090421</procdate><proctime Sync="TRUE">07480900</proctime></procstep><procstep><procdesc Sync="TRUE">Dataset copied.</procdesc><srcused Sync="TRUE">C:\data\FRA_Rail\rail100K\2009\FRA_rail100k_nodes</srcused><procdate Sync="TRUE">20100303</procdate><proctime Sync="TRUE">08165300</proctime></procstep><procstep><procdesc Sync="TRUE">Dataset copied.</procdesc><srcused Sync="TRUE">C:\data\FRA_Rail\rail100K\2010\FRA_rail100k_nodes</srcused><procdate Sync="TRUE">20110209</procdate><proctime Sync="TRUE">06545300</proctime></procstep><procstep><procdesc Sync="TRUE">Dataset copied.</procdesc><srcused Sync="TRUE">C:\data\FRA_Rail\rail100K\2011\rail100k_2011_Version\FRA_rail100k_nodes</srcused><procdate Sync="TRUE">20110810</procdate><proctime Sync="TRUE">06540900</proctime></procstep></lineage></dataqual><dataIdInfo><envirDesc Sync="TRUE">Microsoft Windows 7 Version 6.1 (Build 7601) Service Pack 1; Esri ArcGIS 10.1.0.3035</envirDesc><dataLang><languageCode Sync="TRUE" value="eng"/><countryCode value="USA" Sync="TRUE"/></dataLang><idCitation><resTitle Sync="FALSE">railnodes v. 8</resTitle><presForm><PresFormCd Sync="TRUE" value="005"/></presForm><date><createDate>2014-03-21T00:00:00</createDate></date><citRespParty xmlns=""><rpIndName>Raquel Hunt</rpIndName><rpOrgName>Federal Railroad Administration (FRA)</rpOrgName><rpPosName>GIS Program Manager</rpPosName><role><RoleCd value="007"/></role><displayName>Raquel Hunt</displayName></citRespParty><citRespParty xmlns=""><editorSource>external</editorSource><editorDigest>3b25427eb8f33447a79c28a9cb37e40b</editorDigest><rpOrgName>Office of the Assistant Secretary for Research and Technology/Bureau of Transportation Statistics</rpOrgName><rpCntInfo xmlns=""><cntAddress addressType=""><delPoint>1200 New Jersey Ave. SE</delPoint><city>Washington</city><adminArea>DC</adminArea><postCode>20590</postCode><eMailAdd>answers@BTS.gov</eMailAdd></cntAddress><cntPhone><voiceNum tddtty="">202-366-DATA</voiceNum></cntPhone></rpCntInfo><role><RoleCd value="010"/></role><rpIndName>National Transportation Atlas Database (NTAD) 2014</rpIndName><rpPosName>Geospatial Information Systems</rpPosName><displayName>Research and Innovative Technology Administration/Bureau of Transportation Statistics</displayName><editorSave>True</editorSave><displayName>Office of the Assistant Secretary for Research and Technology/Bureau of Transportation Statistics</displayName></citRespParty></idCitation><spatRpType><SpatRepTypCd Sync="TRUE" value="001"/></spatRpType><dataExt xmlns=""><geoEle><GeoBndBox esriExtentType="native"><westBL Sync="TRUE">-158.152193</westBL><eastBL Sync="TRUE">-52.705235</eastBL><northBL Sync="TRUE">64.924082</northBL><southBL Sync="TRUE">14.674363</southBL><exTypeCode Sync="TRUE">1</exTypeCode></GeoBndBox></geoEle></dataExt><geoBox esriExtentType="decdegrees"><westBL Sync="TRUE">-158.152193</westBL><eastBL Sync="TRUE">-52.705235</eastBL><northBL Sync="TRUE">64.924082</northBL><southBL Sync="TRUE">14.674363</southBL><exTypeCode Sync="TRUE">1</exTypeCode></geoBox><dataExt xmlns=""><geoEle xmlns=""><GeoBndBox esriExtentType="search"><exTypeCode Sync="TRUE">1</exTypeCode><westBL Sync="TRUE">-158.152193</westBL><eastBL Sync="TRUE">-66.983911</eastBL><northBL Sync="TRUE">64.924082</northBL><southBL Sync="TRUE">20.880179</southBL></GeoBndBox></geoEle></dataExt><dataChar><CharSetCd value="004"/></dataChar><resMaint xmlns=""><maintFreq><MaintFreqCd value="001"/></maintFreq><maintCont xmlns=""><rpIndName>Raquel Hunt</rpIndName><rpOrgName>Federal Railroad Administration (FRA)</rpOrgName><rpPosName>GIS Program Manager</rpPosName><role><RoleCd value="007"/></role><displayName>Raquel Hunt</displayName><displayName>Raquel Hunt</displayName></maintCont></resMaint><idPurp>The rail nodes dataset supports the topological network that provides location and attributes information for use in network analysis applications.</idPurp><idAbs>&lt;DIV STYLE="text-align:Left;"&gt;&lt;DIV&gt;&lt;DIV&gt;&lt;P&gt;&lt;SPAN&gt;The Rail Network is a comprehensive database of the nation's railway system at 1:24,000 to 1:100,000 scale. The data set covers all 50 States plus the District of Columbia&lt;/SPAN&gt;&lt;/P&gt;&lt;P&gt;&lt;SPAN /&gt;&lt;/P&gt;&lt;/DIV&gt;&lt;/DIV&gt;&lt;/DIV&gt;</idAbs><idCredit>Acknowledgment of the Federal Railroad Administration (FRA)</idCredit><themeKeys xmlns=""><keyword>Railways</keyword><keyword>NGDA</keyword><keyword>Transportation Theme</keyword></themeKeys><placeKeys xmlns=""><keyword>USA</keyword></placeKeys><placeKeys xmlns=""><keyword>United States</keyword></placeKeys><tempKeys xmlns=""><keyword>2014</keyword></tempKeys><discKeys xmlns=""><keyword>Transportation</keyword></discKeys><themeKeys xmlns=""><keyword>Network</keyword></themeKeys><idPoC xmlns=""><rpIndName>Raquel Hunt</rpIndName><rpOrgName>Federal Railroad Administration (FRA)</rpOrgName><rpPosName>GIS Program Manager</rpPosName><role><RoleCd value="007"/></role><displayName>Raquel Hunt</displayName><displayName>Raquel Hunt</displayName></idPoC><idPoC xmlns=""><editorSource>external</editorSource><editorDigest>3b25427eb8f33447a79c28a9cb37e40b</editorDigest><rpOrgName>Office of the Assistant Secretary for Research and Technology/Bureau of Transportation Statistics</rpOrgName><rpCntInfo xmlns=""><cntAddress addressType=""><delPoint>1200 New Jersey Ave. SE</delPoint><city>Washington</city><adminArea>DC</adminArea><postCode>20590</postCode><eMailAdd>answers@BTS.gov</eMailAdd></cntAddress><cntPhone><voiceNum tddtty="">202-366-DATA</voiceNum></cntPhone></rpCntInfo><role><RoleCd value="010"/></role><rpIndName>National Transportation Atlas Database (NTAD) 2014</rpIndName><rpPosName>Geospatial Information Systems</rpPosName><displayName>Research and Innovative Technology Administration/Bureau of Transportation Statistics</displayName><editorSave>True</editorSave><displayName>Office of the Assistant Secretary for Research and Technology/Bureau of Transportation Statistics</displayName></idPoC><searchKeys><keyword>USA</keyword><keyword>United States</keyword><keyword>Railways</keyword><keyword>Network</keyword><keyword>NGDA</keyword><keyword>Transportation Theme</keyword><keyword>2014</keyword></searchKeys><tpCat><TopicCatCd value="018"/></tpCat></dataIdInfo><metainfo><langmeta Sync="TRUE">en</langmeta><metstdn Sync="TRUE">FGDC Content Standards for Digital Geospatial Metadata</metstdn><metstdv Sync="TRUE">FGDC-STD-001-1998</metstdv><mettc Sync="TRUE">local time</mettc><metc><cntinfo><cntorgp><cntper>REQUIRED: The person responsible for the metadata information.</cntper><cntorg>REQUIRED: The organization responsible for the metadata information.</cntorg></cntorgp><cntaddr><addrtype>REQUIRED: The mailing and/or physical address for the organization or individual.</addrtype><city>REQUIRED: The city of the address.</city><state>REQUIRED: The state or province of the address.</state><postal>REQUIRED: The ZIP or other postal code of the address.</postal></cntaddr><cntvoice>REQUIRED: The telephone number by which individuals can speak to the organization or individual.</cntvoice></cntinfo></metc><metd Sync="TRUE">20090409</metd></metainfo><mdLang><languageCode Sync="TRUE" value="eng"/><countryCode value="USA" Sync="TRUE"/></mdLang><mdStanName Sync="TRUE">ISO 19115 Geographic Information - Metadata</mdStanName><mdStanVer Sync="TRUE">DIS_ESRI1.0</mdStanVer><mdChar><CharSetCd Sync="TRUE" value="004"/></mdChar><mdHrLv><ScopeCd Sync="TRUE" value="005"/></mdHrLv><mdHrLvName Sync="TRUE">dataset</mdHrLvName><distinfo><resdesc Sync="TRUE">Downloadable Data</resdesc><stdorder><digform><digtinfo><transize Sync="TRUE">0.000</transize><dssize Sync="TRUE">0.000</dssize></digtinfo></digform></stdorder></distinfo><spdoinfo><direct Sync="TRUE">Vector</direct><ptvctinf><esriterm Name="rail_nodes"><efeatyp Sync="TRUE">Simple</efeatyp><efeageom code="1" Sync="TRUE"/><esritopo Sync="TRUE">FALSE</esritopo><efeacnt Sync="TRUE">135794</efeacnt><spindex Sync="TRUE">TRUE</spindex><linrefer Sync="TRUE">FALSE</linrefer></esriterm></ptvctinf></spdoinfo><spref><horizsys><cordsysn><geogcsn Sync="TRUE">GCS_WGS_1984</geogcsn></cordsysn><geograph><geogunit Sync="TRUE">Decimal degrees</geogunit><latres Sync="TRUE">0.000000</latres><longres Sync="TRUE">0.000000</longres></geograph><geodetic><horizdn Sync="TRUE">D_WGS_1984</horizdn><ellips Sync="TRUE">WGS_1984</ellips><semiaxis Sync="TRUE">6378137.000000</semiaxis><denflat Sync="TRUE">298.257224</denflat></geodetic></horizsys></spref><refSysInfo><RefSystem dimension=""><refSysID xmlns=""><identCode Sync="TRUE" code="4326" value="4326">GCS_WGS_1984</identCode><idCodeSpace Sync="TRUE">EPSG</idCodeSpace><idVersion Sync="TRUE">7.9.4</idVersion></refSysID></RefSystem></refSysInfo><spatRepInfo><VectSpatRep><geometObjs Name="rail_nodes"><geoObjTyp><GeoObjTypCd value="004" Sync="TRUE"/></geoObjTyp><geoObjCnt Sync="TRUE">135794</geoObjCnt></geometObjs><topLvl><TopoLevCd value="001" Sync="TRUE"/></topLvl></VectSpatRep></spatRepInfo><eainfo><detailed Name="rail_nodes" xmlns=""><enttyp><enttypl Sync="TRUE">rail_nodes</enttypl><enttypt Sync="TRUE">Feature Class</enttypt><enttypc Sync="TRUE">135794</enttypc><enttypd>Shapefile</enttypd><enttypds>Federal Railroad Administration (FRA)</enttypds></enttyp><attr xmlns=""><attrlabl Sync="TRUE">FID</attrlabl><attalias Sync="TRUE">FID</attalias><attrtype Sync="TRUE">OID</attrtype><attwidth Sync="TRUE">4</attwidth><atprecis Sync="TRUE">0</atprecis><attscale Sync="TRUE">0</attscale><attrdef Sync="TRUE">Internal feature number.</attrdef><attrdefs Sync="TRUE">Esri</attrdefs><attrdomv><udom Sync="TRUE">Sequential unique whole numbers that are automatically generated.</udom></attrdomv></attr><attr xmlns=""><attrlabl Sync="TRUE">Shape</attrlabl><attalias Sync="TRUE">Shape</attalias><attrtype Sync="TRUE">Geometry</attrtype><attwidth Sync="TRUE">0</attwidth><atprecis Sync="TRUE">0</atprecis><attscale Sync="TRUE">0</attscale><attrdef Sync="TRUE">Feature geometry.</attrdef><attrdefs Sync="TRUE">ESRI</attrdefs><attrdomv><udom Sync="TRUE">Coordinates defining the features.</udom></attrdomv></attr><attr xmlns=""><attrlabl Sync="TRUE">FRANODEID</attrlabl><attalias Sync="TRUE">FRANODEID</attalias><attrtype Sync="TRUE">Integer</attrtype><attwidth Sync="TRUE">9</attwidth><atprecis Sync="TRUE">9</atprecis><attscale Sync="TRUE">0</attscale><attrdef>Unique Node ID</attrdef><attrdefs>Federal Railroad Administration (FRA)</attrdefs><attrdomv><udom>Unique ID</udom></attrdomv></attr><attr xmlns=""><attrlabl Sync="TRUE">STATEAB</attrlabl><attalias Sync="TRUE">STATEAB</attalias><attrtype Sync="TRUE">String</attrtype><attwidth Sync="TRUE">2</attwidth><atprecis Sync="TRUE">0</atprecis><attscale Sync="TRUE">0</attscale><attrdef>State railroad abbreviation which follows the Postal abbreviation</attrdef><attrdefs>USPS</attrdefs><attrdomv><codesetd><codesetn>Official List of U.S. Postal Code Abbreviations</codesetn><codesets>U.S. Postal Service (USPS)</codesets></codesetd></attrdomv></attr><attr xmlns=""><attrlabl Sync="TRUE">STATEFIPS</attrlabl><attalias Sync="TRUE">STATEFIPS</attalias><attrtype Sync="TRUE">String</attrtype><attwidth Sync="TRUE">2</attwidth><atprecis Sync="TRUE">0</atprecis><attscale Sync="TRUE">0</attscale><attrdef>Federal Information Processing Standard (FIPS) State Code</attrdef><attrdefs>National Institute of Standards and Technology</attrdefs><attrdomv><codesetd><codesetn>Federal Information Processing Standard (FIPS)</codesetn><codesets>National Institute of Standards and Technology</codesets></codesetd></attrdomv></attr><attr xmlns=""><attrlabl Sync="TRUE">CNTYFIPS</attrlabl><attalias Sync="TRUE">CNTYFIPS</attalias><attrtype Sync="TRUE">String</attrtype><attwidth Sync="TRUE">3</attwidth><atprecis Sync="TRUE">0</atprecis><attscale Sync="TRUE">0</attscale><attrdef>Federal Information Processing Standard (FIPS) County Code</attrdef><attrdefs>National Institute of Standards and Technology</attrdefs><attrdomv><codesetd><codesetn>Federal Information Processing Standard (FIPS)</codesetn><codesets>National Institute of Standards and Technology</codesets></codesetd></attrdomv></attr><attr xmlns=""><attrlabl Sync="TRUE">STCNTYFIPS</attrlabl><attalias Sync="TRUE">STCNTYFIPS</attalias><attrtype Sync="TRUE">String</attrtype><attwidth Sync="TRUE">5</attwidth><atprecis Sync="TRUE">0</atprecis><attscale Sync="TRUE">0</attscale><attrdef>Federal Information Processing Standard (FIPS) State &amp; County Code


</attrdef><attrdefs>National Institute of Standards and Technology</attrdefs><attrdomv><codesetd><codesetn>Federal Information Processing Standard (FIPS)</codesetn><codesets>National Institute of Standards and Technology</codesets></codesetd></attrdomv></attr><attr xmlns=""><attrlabl Sync="TRUE">FRAREGION</attrlabl><attalias Sync="TRUE">FRAREGION</attalias><attrtype Sync="TRUE">SmallInteger</attrtype><attwidth Sync="TRUE">4</attwidth><atprecis Sync="TRUE">4</atprecis><attscale Sync="TRUE">0</attscale><attrdef>FRA Regional Boundaries</attrdef><attrdefs>Federal Railroad Administration (FRA)</attrdefs><attrdomv><edom><edomv>1</edomv><edomvd>CT, MA, ME, NH, NJ, NY, RI, VT</edomvd><edomvds>FRA</edomvds></edom><edom><edomv>2</edomv><edomvd>DC, DE, MD, OH, PA, VA, WV</edomvd><edomvds>FRA</edomvds></edom><edom><edomv>3</edomv><edomvd>AL, FL, GA, KY, MS, NC, SC, TN</edomvd><edomvds>FRA</edomvds></edom><edom><edomv>4</edomv><edomvd>IL, IN, MI, MN, WI</edomvd><edomvds>FRA</edomvds></edom><edom><edomv>5</edomv><edomvd>AR, LA, NM, OK, TX</edomvd><edomvds>FRA</edomvds></edom><edom><edomv>6</edomv><edomvd>CO, IA, KS, MO, NE</edomvd><edomvds>FRA</edomvds></edom><edom><edomv>7</edomv><edomvd>AZ, CA, HI, NV, UT</edomvd><edomvds>FRA</edomvds></edom><edom><edomv>8</edomv><edomvd>AK, ID, MT, ND, OR, SD, WA, WY</edomvd><edomvds>FRA</edomvds></edom></attrdomv></attr></detailed></eainfo><mdDateSt Sync="TRUE">20140416</mdDateSt><mdMaint xmlns=""><maintFreq><MaintFreqCd value="001"/></maintFreq><dateNext>2014-09-30T00:00:00</dateNext><maintCont xmlns=""><rpIndName>Raquel Hunt</rpIndName><rpOrgName>Federal Railroad Administration (FRA)</rpOrgName><rpPosName>GIS Program Manager</rpPosName><role><RoleCd value="007"/></role><displayName>Raquel Hunt</displayName><displayName>Raquel Hunt</displayName></maintCont></mdMaint><dqInfo xmlns=""><dqScope><scpLvl><ScopeCd value="009"/></scpLvl><scpLvlDesc xmlns=""><attribSet>All of the Class 1's railroads have validated the ownership and trackage rights for the entire network and will continue to be ongoing.</attribSet><featSet>Spatial realignment was completed for Alabama, Connecticut, Massachusetts, Rhode Island, and Florida within the 2013 NTAD product. This release contains Oklahoma, Kansas, Washington D.C. and new passenger routes between Richmond to Norfolk and Portland to Brunswick. Other states will follow after the release of the 2014 NTAD product.</featSet><datasetSet>The network is topologically connected</datasetSet></scpLvlDesc></dqScope><dataLineage><statement>Used to update the attribute and spatial network</statement><dataSource type="" xmlns=""><srcDesc>The Official Railway Guide</srcDesc><srcMedName><MedNameCd value="018"/></srcMedName></dataSource><dataSource type="" xmlns=""><srcDesc>State DOTs</srcDesc><srcMedName><MedNameCd value="015"/></srcMedName></dataSource><dataSource type="" xmlns=""><srcDesc>Rail Companies</srcDesc><srcMedName><MedNameCd value="015"/></srcMedName></dataSource><dataSource type="" xmlns=""><srcDesc>FRA's Automated Geometry Locations</srcDesc><srcMedName><MedNameCd value="003"/></srcMedName></dataSource></dataLineage></dqInfo><mdContact xmlns=""><rpIndName>Raquel Hunt</rpIndName><rpOrgName>Federal Railroad Administration (FRA)</rpOrgName><rpPosName>GIS Program Manager</rpPosName><role><RoleCd value="007"/></role><displayName>Raquel Hunt</displayName></mdContact><mdContact xmlns=""><editorSource>external</editorSource><editorDigest>3b25427eb8f33447a79c28a9cb37e40b</editorDigest><rpOrgName>Office of the Assistant Secretary for Research and Technology/Bureau of Transportation Statistics</rpOrgName><rpCntInfo><cntAddress addressType=""><delPoint>1200 New Jersey Ave. SE</delPoint><city>Washington</city><adminArea>DC</adminArea><postCode>20590</postCode><eMailAdd>answers@BTS.gov</eMailAdd></cntAddress><cntPhone><voiceNum tddtty="">202-366-DATA</voiceNum></cntPhone></rpCntInfo><role><RoleCd value="010"/></role><rpIndName>National Transportation Atlas Database (NTAD) 2014</rpIndName><rpPosName>Geospatial Information Systems</rpPosName><displayName>Research and Innovative Technology Administration/Bureau of Transportation Statistics</displayName><editorSave>True</editorSave><displayName>Office of the Assistant Secretary for Research and Technology/Bureau of Transportation Statistics</displayName></mdContact></metadata>
