<metadata xml:lang="en"><Esri><CreaDate>20140331</CreaDate><CreaTime>08214000</CreaTime><SyncOnce>FALSE</SyncOnce><DataProperties><itemProps><itemLocation><linkage Sync="FALSE">withheld</linkage><protocol Sync="TRUE">Local Area Network</protocol></itemLocation><itemName Sync="TRUE">rail_lines</itemName><itemSize Sync="TRUE">41.376</itemSize><nativeExtBox><westBL Sync="TRUE">-158.152193</westBL><eastBL Sync="TRUE">-66.983911</eastBL><southBL Sync="TRUE">20.880179</southBL><northBL Sync="TRUE">64.926148</northBL><exTypeCode Sync="TRUE">1</exTypeCode></nativeExtBox><imsContentType Sync="TRUE" export="False">002</imsContentType></itemProps><coordRef><type Sync="TRUE">Geographic</type><geogcsn Sync="TRUE">GCS_WGS_1984</geogcsn><csUnits Sync="TRUE">Angular Unit: Degree (0.017453)</csUnits><peXml Sync="TRUE">&lt;GeographicCoordinateSystem xsi:type='typens:GeographicCoordinateSystem' xmlns:xsi='http://www.w3.org/2001/XMLSchema-instance' xmlns:xs='http://www.w3.org/2001/XMLSchema' xmlns:typens='http://www.esri.com/schemas/ArcGIS/10.1'&gt;&lt;WKT&gt;GEOGCS[&amp;quot;GCS_WGS_1984&amp;quot;,DATUM[&amp;quot;D_WGS_1984&amp;quot;,SPHEROID[&amp;quot;WGS_1984&amp;quot;,6378137.0,298.257223563]],PRIMEM[&amp;quot;Greenwich&amp;quot;,0.0],UNIT[&amp;quot;Degree&amp;quot;,0.0174532925199433],METADATA[&amp;quot;World&amp;quot;,-180.0,-90.0,180.0,90.0,0.0,0.0174532925199433,0.0,1262],AUTHORITY[&amp;quot;EPSG&amp;quot;,4326]]&lt;/WKT&gt;&lt;XOrigin&gt;-400&lt;/XOrigin&gt;&lt;YOrigin&gt;-400&lt;/YOrigin&gt;&lt;XYScale&gt;11258999068426.238&lt;/XYScale&gt;&lt;ZOrigin&gt;-100000&lt;/ZOrigin&gt;&lt;ZScale&gt;10000&lt;/ZScale&gt;&lt;MOrigin&gt;-100000&lt;/MOrigin&gt;&lt;MScale&gt;10000&lt;/MScale&gt;&lt;XYTolerance&gt;8.983152841195215e-009&lt;/XYTolerance&gt;&lt;ZTolerance&gt;0.001&lt;/ZTolerance&gt;&lt;MTolerance&gt;0.001&lt;/MTolerance&gt;&lt;HighPrecision&gt;true&lt;/HighPrecision&gt;&lt;LeftLongitude&gt;-180&lt;/LeftLongitude&gt;&lt;WKID&gt;4326&lt;/WKID&gt;&lt;LatestWKID&gt;4326&lt;/LatestWKID&gt;&lt;/GeographicCoordinateSystem&gt;</peXml></coordRef></DataProperties><ArcGISstyle>ISO 19139 Metadata Implementation Specification</ArcGISstyle><SyncDate>20140411</SyncDate><SyncTime>09260800</SyncTime><ModDate>20140416</ModDate><ModTime>14080900</ModTime><ArcGISFormat>1.0</ArcGISFormat><scaleRange><minScale>50000</minScale><maxScale>5000</maxScale></scaleRange><ArcGISProfile>ISO19139</ArcGISProfile></Esri><eainfo><detailed Name="rail_lines" xmlns=""><enttyp><enttypl Sync="TRUE">rail_lines</enttypl><enttypt Sync="TRUE">Feature Class</enttypt><enttypc Sync="TRUE">173114</enttypc><enttypd>Shapefile</enttypd><enttypds>Federal Railroad Administration (FRA)</enttypds></enttyp><attr xmlns=""><attrlabl Sync="TRUE">FID</attrlabl><attalias Sync="TRUE">FID</attalias><attrtype Sync="TRUE">OID</attrtype><attwidth Sync="TRUE">4</attwidth><atprecis Sync="TRUE">0</atprecis><attscale Sync="TRUE">0</attscale><attrdef Sync="TRUE">Internal feature number.</attrdef><attrdefs Sync="TRUE">Esri</attrdefs><attrdomv><udom Sync="TRUE">Sequential unique whole numbers that are automatically generated.</udom></attrdomv></attr><attr xmlns=""><attrlabl Sync="TRUE">Shape</attrlabl><attalias Sync="TRUE">Shape</attalias><attrtype Sync="TRUE">Geometry</attrtype><attwidth Sync="TRUE">0</attwidth><atprecis Sync="TRUE">0</atprecis><attscale Sync="TRUE">0</attscale><attrdef Sync="TRUE">Feature geometry.</attrdef><attrdefs Sync="TRUE">Esri</attrdefs><attrdomv><udom Sync="TRUE">Coordinates defining the features.</udom></attrdomv></attr><attr xmlns=""><attrlabl Sync="TRUE">FRAARCID</attrlabl><attalias Sync="TRUE">FRAARCID</attalias><attrtype Sync="TRUE">Integer</attrtype><attwidth Sync="TRUE">9</attwidth><atprecis Sync="TRUE">9</atprecis><attscale Sync="TRUE">0</attscale><attrdef>Unique Identifier</attrdef><attrdefs>Federal Railroad Administration (FRA)</attrdefs><attrdomv><udom>Unique IDs</udom></attrdomv></attr><attr xmlns=""><attrlabl Sync="TRUE">MILES</attrlabl><attalias Sync="TRUE">MILES</attalias><attrtype Sync="TRUE">Double</attrtype><attwidth Sync="TRUE">19</attwidth><atprecis Sync="TRUE">0</atprecis><attscale Sync="TRUE">0</attscale><attrdef>Length of segment in miles</attrdef><attrdefs>Federal Railroad Administration (FRA)</attrdefs><attrdomv><udom>Unique Number</udom></attrdomv></attr><attr xmlns=""><attrlabl Sync="TRUE">STATEAB</attrlabl><attalias Sync="TRUE">STATEAB</attalias><attrtype Sync="TRUE">String</attrtype><attwidth Sync="TRUE">2</attwidth><atprecis Sync="TRUE">0</atprecis><attscale Sync="TRUE">0</attscale><attrdef>State railroad abbreviation which follows the Postal abbreviation</attrdef><attrdefs>USPS</attrdefs><attrdomv><codesetd><codesetn>Official List of U.S.</codesetn><codesets>U.S. Postal Service (USPS)</codesets></codesetd></attrdomv></attr><attr xmlns=""><attrlabl Sync="TRUE">STATEFIPS</attrlabl><attalias Sync="TRUE">STATEFIPS</attalias><attrtype Sync="TRUE">String</attrtype><attwidth Sync="TRUE">2</attwidth><atprecis Sync="TRUE">0</atprecis><attscale Sync="TRUE">0</attscale><attrdef>Federal Information Processing Standard (FIPS) State Code</attrdef><attrdefs>National Institute of Standards and Technology (NIST)</attrdefs><attrdomv><codesetd><codesetn>Federal Information Processing Standard (FIPS)</codesetn><codesets>National Institute of Standards and Technology (NIST)</codesets></codesetd></attrdomv></attr><attr xmlns=""><attrlabl Sync="TRUE">CNTYFIPS</attrlabl><attalias Sync="TRUE">CNTYFIPS</attalias><attrtype Sync="TRUE">String</attrtype><attwidth Sync="TRUE">3</attwidth><atprecis Sync="TRUE">0</atprecis><attscale Sync="TRUE">0</attscale><attrdef>Federal Information Processing Standard (FIPS) County Code</attrdef><attrdefs>National Institute of Standards and Technology (NIST)</attrdefs><attrdomv><codesetd><codesetn>Federal Information Processing Standard (FIPS)</codesetn><codesets>National Institute of Standards and Technology (NIST)</codesets></codesetd></attrdomv></attr><attr xmlns=""><attrlabl Sync="TRUE">STCNTYFIPS</attrlabl><attalias Sync="TRUE">STCNTYFIPS</attalias><attrtype Sync="TRUE">String</attrtype><attwidth Sync="TRUE">5</attwidth><atprecis Sync="TRUE">0</atprecis><attscale Sync="TRUE">0</attscale><attrdef>Federal Information Processing Standard (FIPS) State and County Code</attrdef><attrdefs>National Institute of Standards and Technology (NIST)</attrdefs><attrdomv><codesetd><codesetn>Federal Information Processing Standard (FIPS)</codesetn><codesets>National Institute of Standards and Technology (NIST)</codesets></codesetd></attrdomv></attr><attr xmlns=""><attrlabl Sync="TRUE">FRAREGIONS</attrlabl><attalias Sync="TRUE">FRAREGIONS</attalias><attrtype Sync="TRUE">SmallInteger</attrtype><attwidth Sync="TRUE">4</attwidth><atprecis Sync="TRUE">4</atprecis><attscale Sync="TRUE">0</attscale><attrdef>FRA Regional Boundaries</attrdef><attrdefs>Federal Railroad Administration (FRA)</attrdefs><attrdomv><edom><edomv>1</edomv><edomvd>CT, MA, ME, NH, NJ, NY, RI, VT</edomvd><edomvds>FRA</edomvds></edom><edom><edomv>2</edomv><edomvd>DC, DE, MD, OH, PA, VA, WV</edomvd><edomvds>FRA</edomvds></edom><edom><edomv>3</edomv><edomvd>AL, FL, GA, KY, MS, NC, SC, TN</edomvd><edomvds>FRA</edomvds></edom><edom><edomv>4</edomv><edomvd>IL, IN, MI, MN, WI</edomvd><edomvds>FRA</edomvds></edom><edom><edomv>5</edomv><edomvd>AR, LA, NM, OK, TX</edomvd><edomvds>FRA</edomvds></edom><edom><edomv>6</edomv><edomvd>CO, IA, KS, MO, NE</edomvd><edomvds>FRA</edomvds></edom><edom><edomv>7</edomv><edomvd>AZ, CA, HI, NV, UT</edomvd><edomvds>FRA</edomvds></edom><edom><edomv>8</edomv><edomvd>AK, ID, MT, ND, OR, SD, WA, WY</edomvd><edomvds>FRA</edomvds></edom></attrdomv></attr><attr xmlns=""><attrlabl Sync="TRUE">RROWNER1</attrlabl><attalias Sync="TRUE">RROWNER1</attalias><attrtype Sync="TRUE">String</attrtype><attwidth Sync="TRUE">4</attwidth><atprecis Sync="TRUE">0</atprecis><attscale Sync="TRUE">0</attscale><attrdef>The reporting mark of the 1st owning railroad. A mark of 'XXXX' indicates an abandoned link. Rule 260 codes are used where available. A mark of 'DUMX' indicates an added connecting link.</attrdef><attrdefs>Federal Railroad Administration (FRA)</attrdefs><attrdomv><codesetd><codesetn>FRA Rule 260 and Owner Codes</codesetn><codesets>FRA</codesets></codesetd></attrdomv></attr><attr xmlns=""><attrlabl Sync="TRUE">RROWNER2</attrlabl><attalias Sync="TRUE">RROWNER2</attalias><attrtype Sync="TRUE">String</attrtype><attwidth Sync="TRUE">4</attwidth><atprecis Sync="TRUE">0</atprecis><attscale Sync="TRUE">0</attscale><attrdef>The reporting mark of the 2nd owning railroad, if any.
</attrdef><attrdefs>Federal Railroad Administration (FRA)</attrdefs><attrdomv><codesetd><codesetn>FRA Rule 260 and Owner Codes</codesetn><codesets>FRA</codesets></codesetd></attrdomv></attr><attr xmlns=""><attrlabl Sync="TRUE">RROWNER3</attrlabl><attalias Sync="TRUE">RROWNER3</attalias><attrtype Sync="TRUE">String</attrtype><attwidth Sync="TRUE">4</attwidth><atprecis Sync="TRUE">0</atprecis><attscale Sync="TRUE">0</attscale><attrdef>The reporting mark of the 3rd owning railroad, if any.</attrdef><attrdefs>Federal Railroad Administration (FRA)</attrdefs><attrdomv><codesetd><codesetn>FRA Rule 260 and Owner Codes</codesetn><codesets>FRA</codesets></codesetd></attrdomv></attr><attr xmlns=""><attrlabl Sync="TRUE">TRKRGHTS1</attrlabl><attalias Sync="TRUE">TRKRGHTS1</attalias><attrtype Sync="TRUE">String</attrtype><attwidth Sync="TRUE">4</attwidth><atprecis Sync="TRUE">0</atprecis><attscale Sync="TRUE">0</attscale><attrdef>Reporting mark of the 1st railroad having trackage-rights.</attrdef><attrdefs>Federal Railroad Administration (FRA)</attrdefs><attrdomv><codesetd><codesetn>FRA List of Railroad Name Abbreviations</codesetn><codesets>FRA</codesets></codesetd></attrdomv></attr><attr xmlns=""><attrlabl Sync="TRUE">TRKRGHTS2</attrlabl><attalias Sync="TRUE">TRKRGHTS2</attalias><attrtype Sync="TRUE">String</attrtype><attwidth Sync="TRUE">4</attwidth><atprecis Sync="TRUE">0</atprecis><attscale Sync="TRUE">0</attscale><attrdef>Reporting marks of any additional railroads having trackage rights.

</attrdef><attrdefs>Federal Railroad Administration (FRA)</attrdefs><attrdomv><codesetd><codesetn>FRA List of Railroad Name Abbreviations</codesetn><codesets>FRA</codesets></codesetd></attrdomv></attr><attr xmlns=""><attrlabl Sync="TRUE">TRKRGHTS3</attrlabl><attalias Sync="TRUE">TRKRGHTS3</attalias><attrtype Sync="TRUE">String</attrtype><attwidth Sync="TRUE">4</attwidth><atprecis Sync="TRUE">0</atprecis><attscale Sync="TRUE">0</attscale><attrdef>Reporting marks of any additional railroads having trackage rights.
</attrdef><attrdefs>Federal Railroad Administration (FRA)</attrdefs><attrdomv><codesetd><codesetn>FRA List of Railroad Name Abbreviations</codesetn><codesets>FRA</codesets></codesetd></attrdomv></attr><attr xmlns=""><attrlabl Sync="TRUE">TRKRGHTS4</attrlabl><attalias Sync="TRUE">TRKRGHTS4</attalias><attrtype Sync="TRUE">String</attrtype><attwidth Sync="TRUE">4</attwidth><atprecis Sync="TRUE">0</atprecis><attscale Sync="TRUE">0</attscale><attrdef>Reporting marks of any additional railroads having trackage rights.
</attrdef><attrdefs>Federal Railroad Administration (FRA)</attrdefs><attrdomv><codesetd><codesetn>FRA List of Railroad Name Abbreviations</codesetn><codesets>FRA</codesets></codesetd></attrdomv></attr><attr xmlns=""><attrlabl Sync="TRUE">TRKRGHTS5</attrlabl><attalias Sync="TRUE">TRKRGHTS5</attalias><attrtype Sync="TRUE">String</attrtype><attwidth Sync="TRUE">4</attwidth><atprecis Sync="TRUE">0</atprecis><attscale Sync="TRUE">0</attscale><attrdef>Reporting marks of any additional railroads having trackage rights.
</attrdef><attrdefs>Federal Railroad Administration (FRA)</attrdefs><attrdomv><codesetd><codesetn>FRA List of Railroad Name Abbreviations</codesetn><codesets>FRA</codesets></codesetd></attrdomv></attr><attr xmlns=""><attrlabl Sync="TRUE">TRKRGHTS6</attrlabl><attalias Sync="TRUE">TRKRGHTS6</attalias><attrtype Sync="TRUE">String</attrtype><attwidth Sync="TRUE">4</attwidth><atprecis Sync="TRUE">0</atprecis><attscale Sync="TRUE">0</attscale><attrdef>Reporting marks of any additional railroads having trackage rights.
</attrdef><attrdefs>Federal Railroad Administration (FRA)</attrdefs><attrdomv><codesetd><codesetn>FRA List of Railroad Name Abbreviations</codesetn><codesets>FRA</codesets></codesetd></attrdomv></attr><attr xmlns=""><attrlabl Sync="TRUE">TRKRGHTS7</attrlabl><attalias Sync="TRUE">TRKRGHTS7</attalias><attrtype Sync="TRUE">String</attrtype><attwidth Sync="TRUE">4</attwidth><atprecis Sync="TRUE">0</atprecis><attscale Sync="TRUE">0</attscale><attrdef>Reporting marks of any additional railroads having trackage rights.</attrdef><attrdefs>Federal Railroad Administration (FRA)</attrdefs><attrdomv><codesetd><codesetn>FRA List of Railroad Name Abbreviations</codesetn><codesets>FRA</codesets></codesetd></attrdomv></attr><attr xmlns=""><attrlabl Sync="TRUE">TRKRGHTS8</attrlabl><attalias Sync="TRUE">TRKRGHTS8</attalias><attrtype Sync="TRUE">String</attrtype><attwidth Sync="TRUE">4</attwidth><atprecis Sync="TRUE">0</atprecis><attscale Sync="TRUE">0</attscale><attrdef>Reporting marks of any additional railroads having trackage rights.</attrdef><attrdefs>Federal Railroad Administration (FRA)</attrdefs><attrdomv><codesetd><codesetn>FRA List of Railroad Name Abbreviations</codesetn><codesets>FRA</codesets></codesetd></attrdomv></attr><attr xmlns=""><attrlabl Sync="TRUE">TRKRGHTS9</attrlabl><attalias Sync="TRUE">TRKRGHTS9</attalias><attrtype Sync="TRUE">String</attrtype><attwidth Sync="TRUE">4</attwidth><atprecis Sync="TRUE">0</atprecis><attscale Sync="TRUE">0</attscale><attrdef>Reporting marks of any additional railroads having trackage rights.</attrdef><attrdefs>Federal Railroad Administration (FRA)</attrdefs><attrdomv><codesetd><codesetn>FRA List of Railroad Name Abbreviations</codesetn><codesets>FRA</codesets></codesetd></attrdomv></attr><attr xmlns=""><attrlabl Sync="TRUE">STRACNET</attrlabl><attalias Sync="TRUE">STRACNET</attalias><attrtype Sync="TRUE">String</attrtype><attwidth Sync="TRUE">1</attwidth><atprecis Sync="TRUE">0</atprecis><attscale Sync="TRUE">0</attscale><attrdef>Type of military interest flag - this code should match the publication 'Civil Rail Lines Important to 'National Defense, 2013'


</attrdef><attrdefs>Federal Railroad Administration (FRA)</attrdefs><attrdomv><edom><edomv>Null</edomv><edomvd>N/A</edomvd><edomvds>FRA</edomvds></edom><edom><edomv>S</edomv><edomvd>On the STRACNET system</edomvd><edomvds>FRA</edomvds></edom><edom><edomv>C</edomv><edomvd>A connector to the STRACNET system</edomvd><edomvds>FRA</edomvds></edom></attrdomv></attr><attr xmlns=""><attrlabl Sync="TRUE">SIGSYS</attrlabl><attalias Sync="TRUE">SIGSYS</attalias><attrtype Sync="TRUE">String</attrtype><attwidth Sync="TRUE">3</attwidth><atprecis Sync="TRUE">0</atprecis><attscale Sync="TRUE">0</attscale><attrdef>Type of signaling system</attrdef><attrdefs>Federal Railroad Administration (FRA)</attrdefs><attrdomv><edom><edomv>CTC</edomv><edomvd>Centralized Traffic Control</edomvd><edomvds>FRA</edomvds></edom><edom><edomv>ABS</edomv><edomvd>Automatic Block Signals</edomvd><edomvds>FRA</edomvds></edom><edom><edomv>ACS</edomv><edomvd>Automatic Cab Signals</edomvd><edomvds>FRA</edomvds></edom><edom><edomv>ATS</edomv><edomvd>Automatic Train Stop</edomvd><edomvds>FRA</edomvds></edom><edom><edomv>ATC</edomv><edomvd>Automatic Train Control</edomvd><edomvds>FRA</edomvds></edom><edom><edomv>MAN</edomv><edomvd>Manual Block, including dark territory</edomvd><edomvds>FRA</edomvds></edom><edom><edomv>TTO</edomv><edomvd>Table/Train Order</edomvd><edomvds>FRA</edomvds></edom><edom><edomv>OCS</edomv><edomvd>Occupancy Control Systems</edomvd><edomvds>FRA</edomvds></edom><edom><edomv>Null</edomv><edomvd>Unknown</edomvd><edomvds>FRA</edomvds></edom></attrdomv></attr><attr xmlns=""><attrlabl Sync="TRUE">TRACKS</attrlabl><attalias Sync="TRUE">TRACKS</attalias><attrtype Sync="TRUE">SmallInteger</attrtype><attwidth Sync="TRUE">4</attwidth><atprecis Sync="TRUE">4</atprecis><attscale Sync="TRUE">0</attscale><attrdef>Number of tracks
</attrdef><attrdefs>Federal Railroad Administration (FRA)</attrdefs><attrdomv><rdom><rdommin>1</rdommin><rdommax>15</rdommax></rdom></attrdomv></attr><attr xmlns=""><attrlabl Sync="TRUE">SUBDIV</attrlabl><attalias Sync="TRUE">SUBDIV</attalias><attrtype Sync="TRUE">String</attrtype><attwidth Sync="TRUE">50</attwidth><atprecis Sync="TRUE">0</atprecis><attscale Sync="TRUE">0</attscale><attrdef>Subdivision, if available
</attrdef><attrdefs>Federal Railroad Administration (FRA)</attrdefs><attrdomv><udom>Unique Name</udom></attrdomv></attr><attr xmlns=""><attrlabl Sync="TRUE">FRFRANODE</attrlabl><attalias Sync="TRUE">FRFRANODE</attalias><attrtype Sync="TRUE">Integer</attrtype><attwidth Sync="TRUE">9</attwidth><atprecis Sync="TRUE">9</atprecis><attscale Sync="TRUE">0</attscale><attrdef>The FRA assigned node number at the topological start of the link</attrdef><attrdefs>Federal Railroad Administration (FRA)</attrdefs><attrdomv><udom>Unique ID</udom></attrdomv></attr><attr xmlns=""><attrlabl Sync="TRUE">TOFRANODE</attrlabl><attalias Sync="TRUE">TOFRANODE</attalias><attrtype Sync="TRUE">Integer</attrtype><attwidth Sync="TRUE">9</attwidth><atprecis Sync="TRUE">9</atprecis><attscale Sync="TRUE">0</attscale><attrdef>The FRA assigned node number at the topological start of the link</attrdef><attrdefs>Federal Railroad Administration (FRA)</attrdefs><attrdomv><udom>Unique ID</udom></attrdomv></attr><attr xmlns=""><attrlabl Sync="TRUE">NET</attrlabl><attalias Sync="TRUE">NET</attalias><attrtype Sync="TRUE">String</attrtype><attwidth Sync="TRUE">1</attwidth><atprecis Sync="TRUE">0</atprecis><attscale Sync="TRUE">0</attscale><attrdef>Indicates which operations is part of the network, spatially


</attrdef><attrdefs>Federal Railroad Administration (FRA)</attrdefs><attrdomv><edom><edomv>A</edomv><edomvd>Abandoned</edomvd><edomvds>FRA</edomvds></edom><edom><edomv>F</edomv><edomvd>Ferry</edomvd><edomvds>FRA</edomvds></edom><edom><edomv>M</edomv><edomvd>Main sub network</edomvd><edomvds>FRA</edomvds></edom><edom><edomv>O</edomv><edomvd>Non-Mainline Active track</edomvd><edomvds>FRA</edomvds></edom><edom><edomv>X</edomv><edomvd>Out of Service</edomvd><edomvds>FRA</edomvds></edom></attrdomv></attr><attr xmlns=""><attrlabl Sync="TRUE">PASSNGR</attrlabl><attalias Sync="TRUE">PASSNGR</attalias><attrtype Sync="TRUE">String</attrtype><attwidth Sync="TRUE">4</attwidth><atprecis Sync="TRUE">0</atprecis><attscale Sync="TRUE">0</attscale><attrdef>Passenger Railroad Operations


</attrdef><attrdefs>Federal Railroad Administration (FRA)</attrdefs><attrdomv><edom><edomv>NULL</edomv><edomvd>N/A</edomvd><edomvds>FRA</edomvds></edom><edom><edomv>A</edomv><edomvd>Amtrak</edomvd><edomvds>FRA</edomvds></edom><edom><edomv>C</edomv><edomvd>Commuter</edomvd><edomvds>FRA</edomvds></edom><edom><edomv>R</edomv><edomvd>Rapid Transit</edomvd><edomvds>FRA</edomvds></edom><edom><edomv>T</edomv><edomvd>Tourist</edomvd><edomvds>FRA</edomvds></edom><edom><edomv>V</edomv><edomvd>Via Rail Canada</edomvd><edomvds>FRA</edomvds></edom><edom><edomv>AC</edomv><edomvd>Amtrak &amp; Commuter</edomvd><edomvds>FRA</edomvds></edom><edom><edomv>AT</edomv><edomvd>Amtrak &amp; Tourist</edomvd><edomvds>FRA</edomvds></edom><edom><edomv>RC</edomv><edomvd>Rapid Transit &amp; Commuter</edomvd><edomvds>FRA</edomvds></edom></attrdomv></attr><attr xmlns=""><attrlabl Sync="TRUE">YARDS</attrlabl><attalias Sync="TRUE">YARDS</attalias><attrtype Sync="TRUE">String</attrtype><attwidth Sync="TRUE">20</attwidth><atprecis Sync="TRUE">0</atprecis><attscale Sync="TRUE">0</attscale><attrdef>Name of the Yard, if available</attrdef><attrdefs>Federal Railroad Administration (FRA)</attrdefs><attrdomv><udom>Unique Name</udom></attrdomv></attr><attr xmlns=""><attrlabl Sync="TRUE">INT_TYPE</attrlabl><attalias Sync="TRUE">INT_TYPE</attalias><attrtype Sync="TRUE">String</attrtype><attwidth Sync="TRUE">10</attwidth><atprecis Sync="TRUE">0</atprecis><attscale Sync="TRUE">0</attscale><attrdef>Identifies if the rail can be used for Intermodal Shipments</attrdef><attrdefs>Federal Railroad Administration (FRA)</attrdefs><attrdomv><edom><edomv>INT</edomv><edomvd>Intermodal Route</edomvd><edomvds>FRA</edomvds></edom><edom><edomv>DS</edomv><edomvd>Double Stack</edomvd><edomvds>FRA</edomvds></edom></attrdomv></attr><attr xmlns=""><attrlabl Sync="TRUE">DEN11CODE</attrlabl><attalias Sync="TRUE">DEN11CODE</attalias><attrtype Sync="TRUE">SmallInteger</attrtype><attwidth Sync="TRUE">4</attwidth><atprecis Sync="TRUE">4</atprecis><attscale Sync="TRUE">0</attscale><attrdef>Density Category for the latest available, 2011


</attrdef><attrdefs>Federal Railroad Administration (FRA)</attrdefs><attrdomv><edom><edomv>0</edomv><edomvd>Unknown or dummy</edomvd><edomvds>FRA</edomvds></edom><edom><edomv>1</edomv><edomvd>&lt; 5 MGT</edomvd><edomvds>FRA</edomvds></edom><edom><edomv>2</edomv><edomvd>5 - 10 MGT</edomvd><edomvds>FRA</edomvds></edom><edom><edomv>3</edomv><edomvd>10 - 50 MGT</edomvd><edomvds>FRA</edomvds></edom><edom><edomv>4</edomv><edomvd>50 - 100 MGT</edomvd><edomvds>FRA</edomvds></edom><edom><edomv>5</edomv><edomvd>&gt; 100 MGT</edomvd><edomvds>FRA</edomvds></edom></attrdomv></attr></detailed></eainfo><mdLang><languageCode value="eng"/><countryCode value="USA" Sync="TRUE"/></mdLang><mdChar><CharSetCd value="004"/></mdChar><mdHrLv><ScopeCd value="005"/></mdHrLv><mdStanName>ArcGIS Metadata</mdStanName><mdStanVer>1.0</mdStanVer><dataIdInfo><envirDesc Sync="TRUE">Microsoft Windows 7 Version 6.1 (Build 7601) Service Pack 1; Esri ArcGIS 10.1.0.3035</envirDesc><dataLang><languageCode value="eng" Sync="TRUE"/><countryCode value="USA" Sync="TRUE"/></dataLang><idCitation><resTitle Sync="FALSE">raillines v. 8</resTitle><presForm><PresFormCd value="005" Sync="TRUE"/><fgdcGeoform>vector digital data</fgdcGeoform></presForm><date><createDate>2014-03-21T00:00:00</createDate></date><citRespParty xmlns=""><rpIndName>Raquel Hunt</rpIndName><rpOrgName>Federal Railroad Administration (FRA)</rpOrgName><rpPosName>GIS Program Manager</rpPosName><role><RoleCd value="007"/></role><displayName>Raquel Hunt</displayName></citRespParty><citRespParty xmlns=""><editorSource>external</editorSource><editorDigest>3b25427eb8f33447a79c28a9cb37e40b</editorDigest><rpOrgName>Office of the Assistant Secretary for Research and Technology/Bureau of Transportation Statistics</rpOrgName><rpCntInfo xmlns=""><cntAddress addressType=""><delPoint>1200 New Jersey Ave. SE</delPoint><city>Washington</city><adminArea>DC</adminArea><postCode>20590</postCode><eMailAdd>answers@BTS.gov</eMailAdd></cntAddress><cntPhone><voiceNum tddtty="">202-366-DATA</voiceNum></cntPhone></rpCntInfo><role><RoleCd value="010"/></role><rpIndName>National Transportation Atlas Database (NTAD) 2014</rpIndName><rpPosName>Geospatial Information Systems</rpPosName><displayName>Research and Innovative Technology Administration/Bureau of Transportation Statistics</displayName><editorSave>True</editorSave><displayName>Office of the Assistant Secretary for Research and Technology/Bureau of Transportation Statistics</displayName></citRespParty></idCitation><spatRpType><SpatRepTypCd value="001" Sync="TRUE"/></spatRpType><dataExt><geoEle xmlns=""><GeoBndBox esriExtentType="search"><exTypeCode Sync="TRUE">1</exTypeCode><westBL Sync="TRUE">-158.152193</westBL><eastBL Sync="TRUE">-66.983911</eastBL><northBL Sync="TRUE">64.926148</northBL><southBL Sync="TRUE">20.880179</southBL></GeoBndBox></geoEle></dataExt><idPurp>The rail line dataset is a topological network that provides location and attributes information for use in network analysis applications.</idPurp><idAbs>&lt;DIV STYLE="text-align:Left;"&gt;&lt;DIV&gt;&lt;DIV&gt;&lt;P STYLE="margin:0 0 7 0;"&gt;&lt;SPAN&gt;&lt;SPAN&gt;The Rail Network is a comprehensive database of the nation's railway system at 1:24,000 to 1:100,000 scale. The data set covers all 50 States plus the District of Columbia&lt;/SPAN&gt;&lt;/SPAN&gt;&lt;/P&gt;&lt;P&gt;&lt;SPAN /&gt;&lt;/P&gt;&lt;/DIV&gt;&lt;/DIV&gt;&lt;/DIV&gt;</idAbs><idCredit>Acknowledgment of the Federal Railroad Administration (FRA)</idCredit><discKeys xmlns=""><keyword>Transportation</keyword></discKeys><tempKeys xmlns=""><keyword>2014</keyword></tempKeys><placeKeys xmlns=""><keyword>USA</keyword></placeKeys><placeKeys xmlns=""><keyword>United States</keyword></placeKeys><themeKeys xmlns=""><keyword>Railways</keyword><keyword>NGDA</keyword><keyword>Transportation Theme</keyword></themeKeys><themeKeys xmlns=""><keyword>Network</keyword></themeKeys><dataChar><CharSetCd value="004"/></dataChar><idPoC xmlns=""><rpIndName>Raquel Hunt</rpIndName><rpOrgName>Federal Railroad Administration (FRA)</rpOrgName><rpPosName>GIS Program Manager</rpPosName><role><RoleCd value="007"/></role></idPoC><resMaint xmlns=""><maintFreq><MaintFreqCd value="001"/></maintFreq><maintCont xmlns=""><rpIndName>Raquel Hunt</rpIndName><rpOrgName>Federal Railroad Administration (FRA)</rpOrgName><rpPosName>GIS Program Manager</rpPosName><role><RoleCd value="007"/></role><displayName>Raquel Hunt</displayName><displayName>Raquel Hunt</displayName></maintCont></resMaint><idPoC xmlns=""><editorSource>external</editorSource><editorDigest>3b25427eb8f33447a79c28a9cb37e40b</editorDigest><rpOrgName>Office of the Assistant Secretary for Research and Technology/Bureau of Transportation Statistics</rpOrgName><rpCntInfo xmlns=""><cntAddress addressType=""><delPoint>1200 New Jersey Ave. SE</delPoint><city>Washington</city><adminArea>DC</adminArea><postCode>20590</postCode><eMailAdd>answers@BTS.gov</eMailAdd></cntAddress><cntPhone><voiceNum tddtty="">202-366-DATA</voiceNum></cntPhone></rpCntInfo><role><RoleCd value="010"/></role><rpIndName>National Transportation Atlas Database (NTAD) 2014</rpIndName><rpPosName>Geospatial Information Systems</rpPosName><displayName>Research and Innovative Technology Administration/Bureau of Transportation Statistics</displayName><editorSave>True</editorSave><displayName>Office of the Assistant Secretary for Research and Technology/Bureau of Transportation Statistics</displayName></idPoC><searchKeys><keyword>USA</keyword><keyword>United States</keyword><keyword>Railways</keyword><keyword>Network</keyword><keyword>NGDA</keyword><keyword>Transportation Theme</keyword><keyword>2014</keyword></searchKeys><tpCat><TopicCatCd value="018"/></tpCat></dataIdInfo><distInfo xmlns=""><distFormat xmlns=""><formatName Sync="TRUE">Shapefile</formatName><formatVer>2014</formatVer></distFormat><distTranOps xmlns=""><transSize Sync="TRUE">41.376</transSize><onLineSrc xmlns=""><linkage>http://www.rita.dot.gov/bts/sites/rita.dot.gov.bts/files/publications/national_transportation_atlas_database/index.html</linkage><orFunct><OnFunctCd value="001"/></orFunct></onLineSrc></distTranOps></distInfo><mdHrLvName Sync="TRUE">dataset</mdHrLvName><refSysInfo><RefSystem dimension=""><refSysID xmlns=""><identCode code="4326" Sync="TRUE" value="4326"/><idCodeSpace Sync="TRUE">EPSG</idCodeSpace><idVersion Sync="TRUE">7.9.4</idVersion></refSysID></RefSystem></refSysInfo><spatRepInfo><VectSpatRep><geometObjs Name="rail_lines"><geoObjTyp><GeoObjTypCd value="002" Sync="TRUE"/></geoObjTyp><geoObjCnt Sync="TRUE">173114</geoObjCnt></geometObjs><topLvl><TopoLevCd value="001" Sync="TRUE"/></topLvl></VectSpatRep></spatRepInfo><spdoinfo><ptvctinf><esriterm Name="rail_lines"><efeatyp Sync="TRUE">Simple</efeatyp><efeageom code="3" Sync="TRUE"/><esritopo Sync="TRUE">FALSE</esritopo><efeacnt Sync="TRUE">173114</efeacnt><spindex Sync="TRUE">TRUE</spindex><linrefer Sync="TRUE">FALSE</linrefer></esriterm></ptvctinf></spdoinfo><mdDateSt Sync="TRUE">20140416</mdDateSt><mdContact xmlns=""><rpIndName>Raquel Hunt</rpIndName><rpOrgName>Federal Railroad Administration (FRA)</rpOrgName><rpPosName>GIS Program Manager</rpPosName><role><RoleCd value="007"/></role></mdContact><mdMaint xmlns=""><maintFreq><MaintFreqCd value="001"/></maintFreq><maintCont xmlns=""><rpIndName>Raquel Hunt</rpIndName><rpOrgName>Federal Railroad Administration (FRA)</rpOrgName><rpPosName>GIS Program Manager</rpPosName><role><RoleCd value="007"/></role><displayName>Raquel Hunt</displayName><displayName>Raquel Hunt</displayName></maintCont><maintCont xmlns=""><editorSource>external</editorSource><editorDigest>3b25427eb8f33447a79c28a9cb37e40b</editorDigest><rpOrgName>Office of the Assistant Secretary for Research and Technology/Bureau of Transportation Statistics</rpOrgName><rpCntInfo><cntAddress addressType=""><delPoint>1200 New Jersey Ave. SE</delPoint><city>Washington</city><adminArea>DC</adminArea><postCode>20590</postCode><eMailAdd>answers@BTS.gov</eMailAdd></cntAddress><cntPhone><voiceNum tddtty="">202-366-DATA</voiceNum></cntPhone></rpCntInfo><role><RoleCd value="010"/></role><rpIndName>National Transportation Atlas Database (NTAD) 2014</rpIndName><rpPosName>Geospatial Information Systems</rpPosName><displayName>Research and Innovative Technology Administration/Bureau of Transportation Statistics</displayName><editorSave>True</editorSave><displayName>Office of the Assistant Secretary for Research and Technology/Bureau of Transportation Statistics</displayName></maintCont></mdMaint><dqInfo><dqScope><scpLvl><ScopeCd value="009"/></scpLvl><scpLvlDesc><attribSet>All of the Class 1's railroads have validated the ownership and trackage rights for the entire network and will continue to be ongoing.</attribSet><featSet>Spatial realignment was completed for Alabama, Connecticut, Massachusetts, Rhode Island, and Florida within the 2013 NTAD product. This release contains Oklahoma, Kansas, Washington D.C. and new passenger routes between Richmond to Norfolk and Portland to Brunswick. Other states will follow after the release of the 2014 NTAD product.</featSet><datasetSet>The network is topologically connected</datasetSet></scpLvlDesc></dqScope><dataLineage><statement>Used to update the attribute and spatial network


</statement><dataSource type="" xmlns=""><srcDesc>The Official Railway Guide





</srcDesc><srcMedName><MedNameCd value="018"/></srcMedName></dataSource><dataSource type="" xmlns=""><srcDesc>State DOTs
</srcDesc><srcMedName><MedNameCd value="015"/></srcMedName></dataSource><dataSource type="" xmlns=""><srcDesc>Rail Companies</srcDesc><srcMedName><MedNameCd value="015"/></srcMedName></dataSource><dataSource type="" xmlns=""><srcDesc>FRA's Automated Geometry Locations</srcDesc><srcMedName><MedNameCd value="003"/></srcMedName></dataSource></dataLineage></dqInfo><mdContact xmlns=""><editorSource>external</editorSource><editorDigest>3b25427eb8f33447a79c28a9cb37e40b</editorDigest><rpOrgName>Office of the Assistant Secretary for Research and Technology/Bureau of Transportation Statistics</rpOrgName><rpCntInfo><cntAddress addressType=""><delPoint>1200 New Jersey Ave. SE</delPoint><city>Washington</city><adminArea>DC</adminArea><postCode>20590</postCode><eMailAdd>answers@BTS.gov</eMailAdd></cntAddress><cntPhone><voiceNum tddtty="">202-366-DATA</voiceNum></cntPhone></rpCntInfo><role><RoleCd value="010"/></role><rpIndName>National Transportation Atlas Database (NTAD) 2014</rpIndName><rpPosName>Geospatial Information Systems</rpPosName><displayName>Research and Innovative Technology Administration/Bureau of Transportation Statistics</displayName><editorSave>True</editorSave><displayName>Office of the Assistant Secretary for Research and Technology/Bureau of Transportation Statistics</displayName></mdContact></metadata>
